x,y,z,f
-8.199173904704704,6.962959675656219,-8.908068639873674,-10.11798637286747
3.486971484072477,-8.9603839792249,8.722302789907882,3.1744969848995406
-1.2297803926636615,-5.606654729839358,0.6278589276693083,-6.197043822268552
-6.862454224133765,9.219898031723709,-7.426808644749185,-4.982366694256161
7.596568567050298,7.995655429784922,-8.715018258832853,6.801377487279919
-5.863043291256447,-0.6183498592078749,2.664259452504229,-3.67536959644182
6.286941194467907,6.1384467629829125,-4.560074476025777,7.860822502204484
0.22046807897297427,3.975500956354182,-6.044594518289204,-1.8146537557808207
-3.928070817161653,-3.1690670166501285,1.3929598376296521,-5.535143561928608
7.583789439573472,-3.2064783761641706,1.9914139389000862,6.253737434076472
3.734436622830204,-6.84140426783491,-3.1186617889802726,-6.268805180861404
-6.7778431958911,1.82087010308652,1.4741496830538807,-3.483805604366234
5.674850910245098,-1.2857325425087964,-0.14579814588659445,4.192529146539943
-9.168303064417804,5.880335228334497,0.7155233471965445,-2.5808399549010943
5.803867532457545,0.4622777211006319,-9.456475354115032,-3.365108719346311
-5.057780013677746,-3.6859461773314717,3.5560058165197166,-5.141492129170164
-5.43342977026982,9.969601946430021,-9.228091795965593,-4.657688700010885
7.622213883446378,-3.101480401360397,4.256951272815817,8.671773754543803
-5.42852284340932,8.56595705332666,-5.958760308964677,-2.748848126785626
6.20534981076953,3.525610215482084,5.790953881781283,15.609735400426887
-9.773317655939561,-8.483110676721928,-1.7849445819856236,-19.98991262523217
9.468520518592957,-6.059107392782234,-6.459682232793393,-3.198467274020977
-5.9011669066303725,2.977106314372822,0.26835876569150763,-2.7995179998290527
-3.075066286533879,6.980426473805778,-0.17878705818358043,3.5844985518810217
8.892639535682832,0.5220524918420715,-4.951119387299325,4.647557573923563
3.2169527720805142,-4.073351558627967,7.239389821665991,6.386455625745159
-3.869180435384509,-5.272784927387315,-7.764858876769307,-16.84320182861697
1.0956738569587934,-8.866232819604056,-8.011188080685178,-15.85694171089215
-3.3634005141728025,1.6010054086771888,-2.8445028516335196,-4.474138058342473
-7.521841318266476,-2.749014411127755,-2.3800748260089666,-12.795798599110736
-0.3658384654565783,3.5981593411836172,-0.4840349350915467,2.695380270229138
-7.3890919177035785,-4.489949469057497,-6.9390906424913235,-18.822103586091426
3.66476473455403,0.15693697387375138,-3.9473869325785866,-0.12610947929289026
-6.578699853630708,9.784611297782483,5.163132275371659,8.262321044735943
2.215930074290455,8.07116830065938,-2.4129797735349445,7.6339821240532695
-7.9620808166995705,2.8728760121287884,-0.17499376988995152,-5.2830500252054176
-4.642556853904242,6.144380290241351,9.449912420031453,11.050805900409014
5.883464638133621,4.4991799660695335,-9.58884701245654,0.8582294144565672
4.451419014285001,-8.834218136953414,5.720523477860564,1.2951416618878808
0.048530542744627425,-1.613325990572287,1.2832792548849632,-0.34386322662005525
-2.6820456630908707,-9.836054910594152,6.954302152446935,-5.426160723936832
-5.448538807327963,-1.8184139255677412,5.852297680234532,-1.3487026126005517
2.236177869262777,7.404429505251944,6.456368790271981,16.034629030597394
7.275655679250978,8.578913069864406,-2.3489747185374465,13.54399635886985
4.7071174475607584,9.663333073719372,0.9541913730980127,15.295052926945257
2.385371500361055,6.412540001357712,9.466658581982987,18.188260988412555
-8.392862200334974,-4.979381193648225,-6.0140206099943505,-19.38708668686931
1.2258196878416214,0.6225031206384521,-6.085983819591503,-4.208460225905271
4.340215154460282,0.7253313205487029,-9.508790331936218,-4.366008656237735
-7.37601505083677,-4.520054811627475,7.702210502797371,-4.179805798153489
-5.575913764537724,4.047375577975384,-9.413507158867665,-10.949993478800636
0.18539459163745775,-9.81041775308478,-5.528118829787008,-14.958272182664281
1.16250781990448,-1.721163153918548,7.258671475075094,6.705209258106497
2.828489355082887,0.10362350418458455,-7.767495215402982,-4.914264265276015
-2.036052741345493,-4.613527062420624,-6.025848578007878,-12.709305821991492
-8.163299705216446,1.0354903036975376,1.375492535522092,-5.634046483885283
-0.37028869228414507,-0.8733733618485378,3.7056909241396703,2.33827671756417
-5.5804538774752155,-0.5041538073737879,-2.4794567806810868,-8.608013070799508
-8.787655527423127,-3.8449762567079144,2.8341475854843186,-9.715286105410023
9.861657033240846,-5.616581836580572,4.5455132723955405,8.81368214802997
-6.117465287473294,-4.069196960975701,2.3268645687299525,-7.834131975906814
-8.064843178410444,9.708281618319774,7.4788923663886955,9.227840584358724
2.774184773412392,4.988046123862302,-4.724105812867072,3.1527131887257522
5.901989409803106,-1.0562780303861175,-7.694924065425095,-3.0038328627698174
5.525079414309932,5.349919082552448,8.265647126673105,19.30762288289726
9.490767857515493,7.9690843644624145,8.684336367868916,26.11466589199242
6.288400693217227,-9.910414243237707,-6.130054122223401,-9.691740309904947
-0.2688105703119881,8.414085227836793,-0.6195615156914354,7.715251320738908
-7.302484249864023,5.7870588507298475,-1.156475477171714,-2.7912720974808516
3.4456156156845026,-5.641788803978967,8.295658370733396,6.067371441680854
-5.477975462630265,-9.323874088711019,-2.7597546275061635,-17.576605440055552
-1.2447026383258084,-3.790172428840693,6.738424486588517,1.6845221698641646
8.481124464715034,-9.162711978286701,-1.3070793288556963,-1.9643641743570575
-3.2044352729235603,-7.788363484513681,6.889630319415517,-4.057455130226995
-3.0586778082359434,4.046442475273938,-4.4332441894037515,-3.497570139722194
-9.585659571762626,-4.493061752947796,2.3884022741156627,-11.764903739969666
4.43002304417567,-0.8879339475163501,1.9452770870196616,5.3732430498807195
9.057139466236752,-9.68263860662731,-0.9581176227223942,-1.6688419907912433
-6.424864503575218,-9.695770652358869,3.5201826277359096,-12.471769705175484
-1.1376145136935065,-6.8308127734772235,-3.594031977653625,-11.6245804945953
8.239635927155629,7.797795661744026,3.292052854694088,19.358599777608987
4.911884684170094,-0.720668766419795,2.0731114639450077,6.037887619757152
-3.996019742454429,-2.5840950437745196,-8.60847612512818,-15.297451430447046
9.431216426698363,-2.8504306008023317,-3.058090706848109,3.6168275764411812
-1.835642770290658,3.9744481409132106,-7.517401031383832,-5.235108096430732
5.335250748838424,5.866082842917846,7.885798003582348,19.10148550787646
-1.281798922984736,-8.299200358311762,8.714400601558072,-0.7809117226163872
0.19895916130763247,-4.886893268886876,0.26612845676114816,-4.4342498840514155
9.654385226839949,-1.6846933079460076,-2.5520854875605554,5.404953042976187
-5.767811568494404,6.556525438081174,9.387861020494515,10.238955970581918
3.154222349774864,3.8445163074489503,9.308607188116486,16.214683915018277
-6.5869073084654755,-5.490894001191469,0.9424696742000354,-11.157360103461238
-6.005374998562334,5.110760867477147,-1.2475754497775569,-2.0664453095564674
1.3117913879221472,-3.666128075977044,-1.3484037651673226,-3.8286207704716646
1.036522512910409,1.1972445410509067,-7.633506005201836,-5.355103461803779
-3.483777237963954,0.19659059423653957,-4.829768874725707,-8.157722877848217
5.676983167022431,-3.0546974532984716,2.895995191965815,5.467303542764352
5.545104471925997,-5.006572248738825,-4.006747962851103,-3.4819376691278787
2.7038505134165813,-2.6486607475548514,8.92634051347596,8.742179670507376
7.065610588413989,-0.6453476140248569,-4.252131859059915,2.0212805980300255
-7.580334836563869,3.693084325468586,6.183066414479214,2.1997176173539135
0.49345633217552987,-1.886459892906899,5.443836536281886,4.154239763605831
-9.553137385951494,5.339665809133503,2.743755641124883,-1.4028009683020275
5.255668407559339,3.8767147130931328,-6.762852720633283,2.4730884625253613
8.614288065673207,-9.210228205677511,4.26966508613663,3.5634271937663753
-1.5300085602016882,7.255360679611439,-6.016804720047999,-0.30145256268007825
3.500804293714179,-9.655994964722384,0.3377447596128391,-5.892497865851866
-8.539670621763957,0.7231395862831231,4.740358078656165,-2.832684361713192
-1.3926110005587482,3.6488067085857594,-8.079726485384606,-5.710151734545267
9.42803085256526,9.466305784127414,6.981839306112313,25.832856704326332
-4.761426140415612,-1.6876908824385666,6.588208872159374,0.08463913528113057
-3.305392111942977,8.004889325469449,4.5596006406223,9.341624872874721
1.764578135728737,8.636949353743141,-1.547993200198892,8.855967352350447
-2.2771529037281653,7.131791860374282,0.13150991596836548,4.944452593223417
6.425180665117804,0.2798110315680482,0.07523491618261957,6.707535724742667
1.7156603328167392,-9.853071197520858,-1.9042731061243003,-10.005456905255953
-3.998365270049529,-8.429916612600385,9.382753322437544,-3.1260146593036544
-5.745823531326515,0.3799159777383281,7.895988074725096,2.67076510904046
-2.6676014330668885,-7.303671749899918,-5.69653289437086,-15.52286543318429
-6.043970433666191,0.157684827465026,4.093587975574341,-1.8920296585735032
8.245861178761722,-6.122711704721611,-1.3440688568103827,0.6098407908605934
-0.29635003487400624,-2.4319488375761615,6.528982286429251,3.7288034182499126
-2.078591724883621,-7.096357671621822,-9.705176434909518,-18.80938075363536
6.711184224066855,3.1889893712519175,0.8895980120906657,10.803951906388358
9.001472678168145,5.285716645125305,-2.020792224021271,12.342876845871285
1.3002154920258402,-6.652725188892859,-7.43825629969095,-12.861947922327168
7.469635176601702,2.765189695700636,1.7573279627545535,12.078057992023805
-4.287335301510122,-7.456486320671393,-7.228390481281197,-18.98229196219526
-8.519263908595525,-3.5112825895315325,-9.640277479086365,-21.87289009091269
-9.192159912407877,9.832873290385347,0.37499678804156744,1.0456824749694686
0.20586513282730756,5.797283153927655,3.631742165410941,9.655462964234815
5.63462915580871,3.549336012088242,6.661031279979678,15.899854301099445
-4.304104898378389,-4.835348512256061,-2.2118414811524296,-11.346899582004639
2.1007260414193603,-5.833002792796003,-8.04690573225547,-11.821219123651924
-1.5036042852210088,-5.547294921452275,-1.0772165600240964,-8.172748214171527
-5.382138725962964,-7.5072515737247425,9.366316368650413,-3.336543598549881
-7.917181602545202,-1.8548806526238302,4.157398178706114,-5.700413783997932
-8.117525146305976,9.659211939714655,-8.543320806409625,-6.922302698786915
-6.20261559125084,-3.2138584364983096,9.845901917007257,0.529899170043622
0.8872237480291805,5.690677193581378,2.388981390239719,8.998106113989511
1.9830241692617783,-2.7007006980407944,0.46411546350591415,-0.35945132535929325
4.120335708899063,-6.901698120858564,-2.9800246762583367,-5.552087228823275
-7.855750957755026,-0.7594831413840595,7.122753011409078,-1.4115109087461124
9.915166958145836,8.972174315265512,-8.509211218329861,10.433824340786234
-6.247319219770262,9.491407223264044,-9.319372301858573,-6.134274659223076
-7.311398344325475,2.293935604924398,-0.9058376928872303,-6.0009117799402
-5.652223777766618,-5.283149970965464,3.7978517041796263,-7.249787975504745
3.6292913637185205,2.418765322382635,5.19709538789389,11.21763069924861
1.1997515105824412,-0.3386510249306003,9.614343841325951,10.535796906428045
-4.87876479733695,9.806177243198459,-4.73275205641391,0.20040637886530305
5.260450616906214,-8.105270178573658,0.8663728832998796,-1.913080631989837
-9.470381188227229,-2.804652313375346,-9.154733622688997,-21.398522017580493
0.330056112947382,-7.15648896255545,4.742242920548911,-2.023357918989362
-5.348957200851174,-5.017793648895196,1.2457113934695325,-9.04297604293863
-5.702944884123767,0.4261396558714914,-8.733177097709133,-14.040649874923869
2.4588254633729605,-6.708491806056882,1.4704164372804414,-2.7614037955918245
9.204212584359524,-7.221426861480424,-7.3484997302680855,-5.369971360894177
7.01765325152256,5.459935458119226,6.745957611104135,19.201343302064792
-2.0039062125245755,5.559904205041288,-0.7200408236644229,2.8377547216587704
9.259240951159722,-3.9951954066161077,5.132819545351936,10.333198124698123
-7.9281806844419345,0.6947967385688472,6.873106368127996,-0.32368472488867833
6.248411687220873,-6.590308845690014,0.3404736850842731,-0.03202739952695573
-9.004484250869664,5.4877141792490605,1.9032627221877405,-1.452216213569093
-5.275186792142408,-8.276546214223075,-8.354134023831271,-21.954367548463935
6.395786138860885,4.442287982467008,-4.550321028062974,6.258205452114837
-7.712631114437036,-5.330096409667613,1.3882722955911078,-11.4504470103302
-8.872846301114283,-9.383349113425663,4.8498060168531865,-13.458076759539148
7.178097371516245,3.0359031255050883,-8.303760517624976,1.9076032240549452
-6.417457333884425,-3.8315466800111775,7.121966285456338,-3.048630190333717
-6.474177007631168,1.8437383549879112,-5.52284748556604,-10.198556723424
-0.10556445984268414,-7.060679915153725,-0.49970740941599345,-7.5875869950875545
5.794636834096954,8.027669291697702,4.244966267925584,18.036920763242843
-3.211300790174918,-8.440631457436996,-8.10293834945298,-19.904840267647135
-5.271639195071396,7.033482234927359,-1.301478002033365,0.552024325539358
-6.6350767783856295,-3.720231219553196,5.776075298158553,-4.611906266149621
5.342483697523699,-0.39495446788079924,-3.456705587434696,1.4706823998699108
-3.8029555808744053,6.5870166245080455,9.931975701732611,12.664888641578747
5.4768705436111205,2.222390990973846,4.747318117063513,12.34970185022836
-0.16909739097149057,-7.603416716009626,-5.846865325025002,-13.79387352054753
8.488866526416722,6.295774864387209,-9.652496175409308,5.148710307968421
-2.377595759718716,8.324446426095868,3.1890332340807355,9.228310116514676
7.093493057282064,-2.2435191392709575,-2.7293306850753822,2.2648081809929517
8.349670629134962,7.870826093193944,5.617822715011595,21.774385304255347
-2.939300464797725,-7.052418376330096,-3.0709153492229717,-13.23790178168317
-4.361004108851752,7.793938409825518,9.556316958245375,13.03032259377408
9.890899097343699,-3.6177464144910303,8.272723842288649,14.441372063602577
4.782872982582166,-5.452722427927458,7.318386118794265,6.484704154414994
3.9609576671706606,-0.6215683757239567,-6.860141026418864,-3.4638938670700843
-1.6138585465037885,-1.5423687752645634,-3.3486989589855227,-6.37465201593325
-8.321885516451113,-8.399343799066767,4.132370497721547,-12.42268926105685
0.9173684343475657,-1.4191916239535836,3.6990931260583455,3.063770701434179
4.529121236864064,1.2622665576519907,4.40193241735977,10.230826969211236
-2.9289983947079907,4.639268274583232,-1.4777982788873505,0.04627005407560031
-3.9171611738363747,6.054644553120486,9.08864524013639,11.298050702441627
4.610643763885328,-2.6632639654154993,9.313221694426975,11.146397656871201
-2.3230925462220693,5.206789783925025,9.521617525567773,12.40155608676777
7.683759403057579,-4.1515137306651155,-2.9928293171928466,0.5629552729196443
6.65185846527724,9.832028288368225,-4.960972770853811,11.420711928140243
1.5070958107316272,-5.181313437379098,1.446515205106536,-2.355411122867751
-8.767298694812053,3.1854357195442624,5.051656598574372,-0.48884802537277444
-1.4644895820319412,0.7347282387027114,-7.616846672367394,-8.369037818665275
-3.275805919576962,1.4245360801843212,2.979272806503893,0.9648231002867661
5.196075108663784,2.0232809004153314,-5.362670352847623,1.9022850852080566
7.055642234809277,-8.834466346584438,-3.261522972364899,-5.044399444422009
3.749755176711048,8.3759047774636,-2.660393967973076,9.535782532357173
5.377129697664728,-2.478966776935523,-0.6667243478152898,2.3806896288163943
-4.043247196715809,-5.285135885356016,5.310056379307564,-3.8700792017329446
-1.9418626371855545,-9.857576675131558,1.4109955455456387,-10.26949882175352
0.49422311564847377,-7.738657016326911,-7.651102376715664,-14.787844594977535
-3.7365289849407706,-2.7032605810425236,-7.540581108476003,-14.178000877211979
7.103321097766603,4.641177317857949,-4.2933720029136335,7.431909350472889
-7.723647321438232,2.129308018272793,1.6322338647747578,-3.9717439569793713
7.394017671909577,3.8713626461005983,4.782989036690175,15.997693503484381
-2.532886297216221,6.537585983958589,-9.102385935162118,-4.880742436379026
8.553716855920129,6.170692870165052,1.4702965675502,16.40849144359411
3.0442658561510854,9.102335734251813,1.0000752078478783,13.160877903276997
3.7498822378976477,4.931040911873781,-3.924615217199019,4.8013956708193986
2.6204656621117213,2.217148173494291,-3.0296624522475213,1.7969206738688497
5.02626123323447,2.131538337206445,0.7354647073263116,7.785487864367107
-6.418272040576749,5.2863175704425664,3.2327414352339723,1.918180958560082
4.386357733227342,9.088767637749573,6.207828588693452,19.78689308887847
-0.29345196054132927,5.7397514189958,-5.7253127766431655,-0.3086148761711047
-4.725415443172174,5.718124171415049,4.113833455701293,5.010767427389714
-6.4361691930672915,0.9663538115871173,0.763218786085222,-4.758560054314879
6.321002300085258,5.109031327265178,-5.689423678448184,5.70143698813934
-6.906947456473425,-7.899850265157184,-6.984058752165727,-21.79224405579453
-6.685676057761447,8.506043498305822,-3.0690077241915237,-1.25976935813266
-5.25907941887567,-1.3794913901850165,1.9312759788511809,-4.796539915630415
3.2214514631235893,5.12217485879717,-3.6720195193938547,4.7693258236596785
1.6232540341255142,0.7682279856945691,4.942323783876558,7.292231561810836
6.873775370022933,-7.621330965661823,9.643760538398098,9.007680109172282
-7.740427929478882,-8.176492506050266,-7.867742721696242,-23.680907117285493
7.506727388376934,8.022396746032449,-8.362204468460737,7.015110257439275
-2.087830891320907,-6.372515358178643,-1.4146199216797868,-9.972385348148354
7.741848915658306,-3.2681537214691385,0.20949690353031336,4.648145374805435
-7.819728252537923,-1.1764655213513038,-6.00507567202045,-14.981310134686746
-3.6139778601699817,-6.1347618530248464,6.437413430299056,-3.340290805623788
-4.0216249462701885,-1.7151423899081664,5.939276522993154,0.1343002602922638
-8.7066137023632,-6.569725392638079,-5.366280603139611,-20.615461735491028
-2.902808974241786,-2.283195215617633,5.352956127897281,0.07544044731701305
2.3493220822929057,-2.9899634866329787,0.5378189882650002,-0.13539322660309902
8.788334497257729,8.46848831221952,5.928549066454078,23.068751213057222
1.2820660914441895,-4.480514489103548,-9.753390823599233,-13.149869731016251
1.3324666473293867,4.431509138037036,-3.455480213334001,2.445396748761768
-9.153320712460998,-3.3880054333699894,7.671595987467825,-4.81535660590796
-3.2921247647377205,-4.202614030655214,1.993384035855783,-5.549370100266234
8.78211988484636,-5.397612957055964,-4.911710523207531,-1.5132941076019724
-0.2814516517152832,-3.694597831432727,-9.233527541805934,-13.200966241317001
0.4821762578890407,0.8868391155085327,-1.1672325523837905,0.13437530465000763
3.2536246186193445,6.805954024698217,-1.0694441733546753,8.89677792703691
-1.0507574139710574,-3.2561584102724144,-8.698890871071253,-13.002487083447113
1.3064746006335763,1.7482909695562032,9.072937690238586,12.160013293051183
8.193286039132072,-2.7199355526179474,-6.9112674234581695,-1.4338147419323959
9.609697304464852,-5.389013668005058,-4.702775610082394,-0.5498411502937551
0.4310000435607044,-4.174913493745562,1.297122164348984,-2.478415626221777
-9.657073005964328,-7.235595977507645,-8.617676053357163,-25.497613623899035
8.308285682648677,2.139465957703683,3.0413109869136417,13.385353515874174
3.277574250400514,-3.770504094464176,-6.955332487837413,-7.319667749117915
4.547765568371396,-9.937345994483033,-8.570021217070746,-14.015697210067835
9.294048130876533,9.156022393454109,5.026295192702133,23.36879115688326
5.253281296991069,4.093449495840112,-4.018510646016768,5.437026129441977
-5.178159609389241,-1.997725841538994,0.49936033168007476,-6.728443259943077
9.82417584390825,3.1388109980788634,-1.0864875334734023,12.004188515987188
-0.08602350068969322,1.0638943512051409,-1.1953099678874466,-0.24844043491241816
8.8272181021167,3.7453511846180714,-3.5422116582231977,9.040975628978597
-6.35838156883116,-8.839257869600894,-9.691454580114618,-24.758664784419647
-7.549135860189855,5.5780804874964485,8.599407286198065,6.568655508425249
-2.7821519763336884,7.093694715942888,-6.799685314636723,-2.4498503439640484
-4.568727760807894,-1.6907982691409806,1.046858238106779,-5.235991084833698
7.399329809781019,-1.9385847044438602,8.396261189207092,13.89503174985495
7.325227103140545,-9.549218173431681,-0.08021650688930393,-2.3913971367652342
6.042720559658829,8.480598834099695,-4.114043932843112,10.516038641669345
7.341993727340284,-7.568222223896051,0.6834933988350063,0.49216499336128255
-0.7404928208517241,2.7051413887491016,1.2132624221952888,3.103129095882959
-2.2642584840797237,-8.076596699686881,-7.410275224187974,-17.7823338671088
-4.094213318173637,-4.172243965714526,-5.885194705966272,-14.114310639441225
-5.602502797120721,1.0400170715370756,-9.033444490343811,-13.6918278815934
6.860247851689071,4.14556204940409,3.7619974640427216,14.85942008055068
-1.0274453083142312,2.6404530811436207,-1.9237228594072668,-0.19466439832081883
2.8717503556300272,3.4922840716055212,-5.717465162781958,0.6092891665478207
0.42019277787645315,-6.303279203604772,-4.656005444086874,-10.48501354445485
8.633970030302883,-1.5605824677954843,-8.734355903959607,-1.5975292941606594
6.932799438316387,7.327101315332534,3.6109875905047133,17.9569954673642
-7.119436749903705,3.283286201433711,6.436415505101902,2.592330082807913
-6.705729272584014,-2.255521549558428,-2.600763972260447,-11.545055941984216
-8.577149798441127,1.485578040117348,0.16485658006678605,-6.927554156090706
7.013229334686265,-1.8795929162006324,8.031871343546818,13.11099068249275
-8.359163060219625,-1.9364986439180285,-4.309671176581629,-14.683820188761807
-7.814319132712775,3.8487672463599765,-9.247724753714824,-13.032739132516673
9.334516565903058,-1.2894193117232966,-1.4145242077671778,6.793796822466791
7.568583646219487,-0.9985931306966478,-3.794397196973356,2.734637362204657
-0.8486450835520287,2.8455958061791833,5.523950049900417,7.4775538646215685
8.783625481206546,-8.550572018251447,6.188141251229911,6.2825855445842285
7.654772771236168,9.635886294581713,-5.816360425142985,11.518041745209086
5.749128001876382,3.117365666098589,-4.095136845664536,4.724169780937955
-6.650948186892343,9.393653573945318,-3.3528745635457575,-0.5975429814818753
-4.280040771899274,4.696299261829397,-7.91541889208262,-7.658961339786846
2.5187677684798544,6.153430396614116,-1.9050126835419423,6.719957713433327
-4.776672859893005,-0.5855236846144951,-1.2098161652177133,-6.394350840710163
8.251842718669813,-2.790089732045873,-9.502060740515969,-3.984545258334657
-7.924514357586123,-7.635089414380028,6.981764061475346,-8.426723331867292
4.43412792921624,4.2614301567904445,5.095973102048115,13.807676550815513
2.922677987706251,7.921903345566395,3.884812905676579,14.639198997603936
-6.370612626967265,1.30516093244675,3.6687046819963065,-1.3261432806129638
3.7687919353395216,-4.621143450644651,4.5081285655245384,3.8095742398689865
-6.831058833103619,9.917691813498351,-5.008508733020265,-1.704775045666017
-5.476769142541007,-1.778504245453174,9.661471409223388,2.3093129125325675
7.448306616817121,2.533104355071959,-7.842457384878479,2.0547528919176643
7.759855856775214,-8.774979652443696,-9.864775287082047,-10.936477392756098
-4.95480147196435,-6.570625457709303,9.143577957750157,-2.43205220679716
5.4899909428841465,-0.5200671605530864,-4.540972756529218,0.5056037446439926
2.612490348902483,-1.4087778485293079,9.316868240836055,10.445843886922127
-6.475467678857719,0.7017489575301887,9.584610618740058,3.760058248744911
-7.365523056518315,-0.9899890347194145,-9.243488236225687,-17.592397385773
4.5677797903779975,-1.8405380702486518,0.4021510270191282,3.21131795007868
0.5171224321656425,-9.763020792092599,-9.819392925580487,-19.01273190508658
2.807153695140549,9.509414402116537,7.804334842097777,20.161460228330085
-0.9965123156586877,0.7449349190863703,0.6330937338478986,0.4015114891003016
1.959281203030459,4.4707189752673955,6.906262771919412,13.318193624413464
3.229008088765182,-1.0581535838530005,6.427668732978123,8.657054256941347
2.4649036074221424,-8.042425130858113,8.937993875851216,3.3649235224940433
-7.612774967962032,5.947060114726288,9.374808744645382,7.856864650014107
4.597101886130586,2.6775848011034125,3.8923050766806515,11.19952408760135
0.8090433270692916,-1.2560533390212498,0.13657208959035572,-0.2387441183623612
1.8381339878850138,-7.669219985525395,6.281815741715139,0.5443888656112401
9.778916040101254,-1.3519517377965595,5.0331856821629,13.538148860990416
9.569022834057257,-4.818444331968621,-1.0350951448496737,3.821325127502672
-3.636935740387102,-4.458172309049722,-2.9187274165245984,-10.986147763131553
2.797590194317518,-2.178774844443203,-9.356588424761238,-8.764623577589502
9.085401211242349,0.983678657429536,-5.177955986366085,5.090017995359346
4.881660712008387,9.235638663415472,8.41692305387534,22.401811956890242
7.393746777301157,-6.454044770889196,7.973786672255468,8.724837005483803
-2.78336072535327,-7.71294946632959,-8.292169957566246,-18.910559159118034
0.5059498374093412,-7.696568109032613,-9.953971380094162,-17.060912297159117
-7.1624694350745255,1.2661286716149949,-1.037825717173833,-6.955623215320841
0.49445605346921084,7.446881221964379,0.36548381812453634,8.392335550196542
-4.967788257367691,5.697444807660375,-1.7260201983855445,-1.1482589278784856
-5.5295416781662965,9.962582423578656,7.730772098549394,12.189396889421255
1.93449922579142,-8.124666247932044,9.388116873165497,3.2999171399290685
-9.16787929940958,-1.547374799572971,-0.17178656702943762,-10.904802700552564
5.438254824449224,-4.925133139621785,-6.813591245797537,-6.341685399896164
5.376486200919725,-6.98197388374836,1.4556790023568649,-0.09790726940262466
6.919745981116016,5.810412855864996,6.000155783207546,18.5133146738803
-4.024163717387015,-5.564953072136447,3.4276711327857523,-6.007904865432734
6.318851104812573,-0.40227489997484867,-4.063337266515726,1.8739133792806355
-0.060412771954736044,3.6835450526115388,-8.561673778020717,-4.877393370060169
-9.251991581601018,4.19321556514106,-8.258768542288522,-13.113563464500514
2.2085304666254597,-3.7889266520479703,3.1934903790952873,1.4443107861424094
-9.8295833348045,9.302114064137037,-2.712155305047257,-3.204642782219487
-0.07301335285907484,1.9064419709371716,9.306386662425634,11.182746251067632
-9.678982451854424,-5.798087669624077,3.000049882011142,-12.428265885009985
-6.813625517757633,-2.8651923789256983,-5.332376335035476,-15.069755068197471
4.324449266598716,-9.189401186219438,0.943391449924647,-3.9211560733705166
-0.1443023194644244,-3.1980132283958156,-6.157513397380068,-9.44730898482967
6.85825372322055,1.3733839177961276,-1.451222844235291,6.8824359646550874
-4.10288200757279,-6.098547923073219,-1.9190194945606986,-12.221476359391435
3.4015729398030565,3.809370291368099,-1.835772523685936,5.241810883501297
-4.456926818588595,7.122553003701441,-0.6998734457135534,1.9298041506654635
4.513619548439653,-8.000962833732459,1.5284094386159879,-2.0682717036523823
7.801516066158463,3.7281744551009144,9.364030317619793,20.89685169760061
-3.4705522953766295,-4.186802866492547,2.2994205459102446,-5.32876827174471
7.061537071949129,6.7376934877614865,8.843185058922614,22.665939503283546
-2.4332748090825067,-6.220651606554355,-0.7613783367615845,-9.306033740837337
-5.317301793088925,0.7578008162261618,5.64333031427017,1.210575059508761
4.973905969409902,-4.13756944803368,-4.315908452820063,-3.405245308271463
8.463712605994168,-0.06619953190035943,5.245678559680698,13.69275922272939
0.8193850024191018,-3.1801265053590715,-8.241992013411908,-10.640346188865754
-5.186816701517721,3.9503197917073134,-2.7475993809629484,-4.096042095829143
-5.3840884238043145,-2.8973358761317165,0.6373953102887633,-7.672026068675583
7.111920957700793,2.9476499876782487,-0.8214010308926838,9.278159068432775
-6.075814728822668,-2.9069945067009106,-0.8118154195685072,-9.69497741695065
-0.3735047251529249,-5.847606968840351,-5.419503515705337,-11.600080814018169
4.1879698323156855,6.3651668396413505,9.033729951757763,19.443516611664045
1.250524559563571,4.632651980704249,-0.8193412551027777,5.061783586930772
-0.4746117135243555,-9.12839900209464,0.4464936194427729,-9.268895837692796
5.1469523537097785,1.5529254234277978,5.454391973248569,12.29843143637202
7.769665993600984,-2.850403070333538,8.368648358681586,13.106596138577492
7.749257576976845,2.430667340492292,-0.38038927900981356,9.907438645113446
-4.033381874983801,-9.588089966189187,-2.9527617376314215,-16.73779191691811
7.174899417729325,-6.711434848419189,-8.55965956681368,-8.037914888026993
-5.810642301837172,9.399358983960859,-8.515938611852654,-4.898542418781225
0.1369117285081103,0.9805330075411547,-2.117877850966437,-0.9286329051301269
-0.8875678124326498,9.95067483091541,-8.63700824970624,0.28341829364017684
9.4019693539359,-1.4486588329140293,2.121967827861104,10.194517411310725
-3.477338827172664,-5.678162342106921,-7.148902068079002,-16.181248816935245
6.9868689661167025,-0.5846675684086833,9.897535345327945,16.410623520420067
9.69301745133486,7.566268034158689,7.0913724915509455,24.282239741150313
-6.057117126964293,2.612327258311108,-9.947433390678007,-13.366869257384664
-6.714961526733387,4.78410013831812,9.772424458054793,7.701733287332608
3.9408195448817978,-8.826046936912128,-1.3739777703168556,-6.143135407500086
-2.6309661030111524,-7.6202110838323645,0.369850224547811,-9.891107551107574
-8.010991018729447,-1.410870089043117,-5.081054164547982,-14.567616523873776
5.4885350478883055,1.796460139933485,8.789263862144999,16.14758233699872
8.674301908625182,6.191416456128167,4.777877335009107,19.801454523836217
2.2698785980914415,2.234183123900589,-1.939737400829804,2.606528448736004
-5.995293767877234,2.4847373012289147,-8.302139931835375,-11.879050874134153
-0.18534605493821132,2.730160824241242,-4.244293764538101,-1.7849007383587747
-3.1913922482848616,9.637625573694063,-0.9423966222344422,5.501317728724485
9.437138369621813,-2.700829651657017,3.9662976821589133,10.610665208795396
-3.4643231336670244,-8.590991726400798,-6.184680571674548,-18.235880697534316
-2.763207347391128,-1.2440231928564867,2.7499370800496497,-1.2141855408949307
3.8015140460166172,7.891096413017355,7.4928240980078655,19.24267274441046
6.033039843141708,5.919073510545783,-4.416050545259327,7.609824501325953
-9.903493025557175,3.7099487680831533,-4.643295420462734,-10.874457388895266
9.555878780423082,-3.3670679155445926,-2.584368377543676,3.6098315017430855
3.6898903741475504,7.519025086199257,6.1437225673941995,17.38112426765799
-9.216670854890964,3.722760689975331,-9.953306121435588,-15.53805510154938
-7.550531909372912,8.360252297436709,-1.016986424609339,-0.23978976995140786
4.137741595460769,9.987193191083392,-2.05807207405244,12.174441900738925
8.987044487223656,-7.1186850575849325,-8.363562060645815,-6.358089816128739
-9.139749480540027,-5.581990260129251,-6.38047358185468,-21.08661523094906
-3.9276778237373673,9.535666130932142,0.6715893482130593,6.049775142163797
1.5339930736450782,-3.391687690762188,-1.2625504360614812,-3.1880797867307686
-5.785920013181998,8.216546781733825,-4.274752594592877,-1.7201816689836946
9.164112253579855,-3.0754353308142672,-4.998628470099011,1.0865393771494962
2.024456154918113,2.4942916639324526,9.876180490277598,14.293541721054417
2.552886078758604,-4.643761121331016,8.958645843330007,6.897314456420643
2.834463017265495,-0.7938384557693858,-6.418185371960464,-4.272553078063991
-9.425036217294302,-2.8571451447171743,-5.238293397403691,-17.439061853067333
-8.867680143341607,5.487412514747499,3.3479953330979466,0.03757770474359602
-3.138459841133887,-7.719219392575194,9.637137757018746,-1.3411149169548917
-7.062671111181658,8.65892825548395,-8.546846448958313,-6.992887989859543
-3.3479279498327212,2.6450408739480906,3.6406315451241067,2.923431511221629
-8.190165782157981,-8.224019713169596,-7.83148656681059,-24.23293871313864
4.309528146557135,-6.679088667392701,-2.380173018539149,-4.622133204550634
-6.816229724502558,0.8113552020222663,-6.207380283738377,-12.275680111995472
9.909684989210692,7.273051762898611,9.352329147035977,26.353814781949648
9.290417005296945,5.672963936559563,8.51741827064156,23.463426760585246
-1.320175976067059,8.480407566383743,4.822809204994714,12.137476988772223
6.44244081011437,3.1398210811769403,-4.719289691402196,4.801707087646313
5.758754836890368,6.652243498772819,1.5090319071988674,13.978405490386336
-2.2605770237313028,2.274340381933616,1.399757819375754,1.4961805657135772
-4.174212722947141,-0.036693642196695464,-3.4771722603393513,-7.704710952003778
-3.2206360776213376,8.444855900172278,9.423895773119526,14.72573361405837
-9.932564110269977,-2.0216039650826323,4.312670144449555,-7.691169352563114
-9.605493137009793,4.6853178992298545,-0.08468526849598312,-4.9791662289311125
9.186621540931775,0.07849241025412823,7.111991066068612,16.405091609272652
0.8948989147116198,-4.277949137830195,9.451849698390237,5.932700074541326
9.538854205593118,-1.6613214463401427,-4.922667748993852,3.1061712206456824
7.758738676333685,3.141104304238201,9.322168934291874,20.194041167406404
-2.882054813002613,6.120212315962942,9.929704299556953,13.394359471420016
-1.3911284889866522,4.920927596966207,-5.793175968915141,-2.390360343468443
-7.298319181232982,8.386660839212464,1.2851688342471146,2.311871985981511
9.941432517854501,2.8316719781101245,1.554019178091167,14.346197396897074
-3.297807610822323,-7.503762989408234,8.611822672415354,-2.1079210803308235
1.9456060369540022,7.709476184629995,9.772084183137594,19.483246958179553
-7.681620526115658,8.31185447781698,-5.3360206379987,-4.568806500462756
-7.264115670447071,1.4486698404645288,-5.876520260609739,-11.629815189014398
0.2888336586195912,-6.051413590924508,-2.692273638819369,-8.523651254178194
4.909840028851331,5.118468230826652,9.633038744524313,19.509455637399423
-7.219717286089031,-8.189182201052033,-0.9044409502814901,-16.399691058152793
-7.80840839913588,4.510174118865065,-1.2467234683907762,-4.652843343255307
1.171881893544466,-9.366323946705922,4.653289475762957,-3.442980078029438
7.866522721470165,0.16928302103909587,-7.049636773867443,1.0574247594620532
6.522764682965491,-5.261824054519071,-6.42731443890492,-5.157978428056089
-3.857629865933281,7.6541292764689395,9.490669759045087,13.311809135871595
1.0808256206047453,-0.036376491988969306,8.980041558735607,10.20373732312269
7.9411251808894505,6.211428450402291,8.090649148596494,22.225246522042212
-3.000481437798845,-7.268317224486069,-7.5329846054418415,-17.988180457084965
4.936748008117442,-3.6720941438937293,-7.683208859112913,-6.3676639166525435
0.9548898098617968,2.2842275023955736,-9.451347025237283,-6.1867975664388455
-7.088039670465191,5.537218408074537,-0.14751787063553934,-1.5551480933122908
1.3123018735935688,-7.990990320677451,-6.7703756730044296,-13.49964891658016
4.010768788243535,-2.2175055245002113,-5.943666134771779,-4.077563623683469
-0.883071645366293,-7.1355197694505845,4.533383354729537,-3.439968330143193
5.167119656723543,-3.760950019680463,6.116839319440256,7.583919264495917
7.704749127979628,3.5150420001070906,4.794934979177407,16.031534771763614
-1.681446482313655,-4.001968907343385,3.746476798112395,-1.8225654141731003
6.759163973970253,-9.312724674718915,-8.2127818836503,-10.717466923366134
-7.40789565326009,-0.9218958602290286,7.207943208956685,-1.156343439322291
7.371342964012086,3.024909634922139,-7.856424194757423,2.726842451207281
-8.6152557699156,1.4734791971262275,9.23327066403623,1.9787792699225681
-5.082805383652296,7.482457194928671,-8.828485532224981,-6.470694514720067
2.5908768081359863,-4.404446955550519,1.8109951511178313,-0.06852410260461582
-4.660854233122214,5.121753543756686,-8.4768883613733,-7.777762097215871
9.691642762212417,5.600193589949523,6.36323311617706,21.664385310468813
0.4670224154357676,0.6757157545651271,7.287054663341301,8.38105458428484
-3.4302251633332714,6.877780533631963,5.629539637648682,9.086213353320376
2.9486201915883488,-8.462700547709757,-6.518526631101227,-12.028082680079981
-7.5492995404642755,3.683156252405235,-3.0446231272459645,-6.911129394276758
-8.101125093248786,-9.681007482646622,-9.11184495712337,-26.96482774999536
-9.90748043335104,9.389684842963938,6.957606836371443,6.370973033100471
5.967306751536279,-1.480959891799749,0.2556997315747793,4.751231381456198
0.6695566338484387,0.19493970406026762,-6.998212723544848,-6.274025068844293
8.990082844964668,1.5668084868071261,1.049382118194675,11.665223471561086
7.4791491476682666,5.145397992758143,8.149651721827112,20.797446141028992
-5.428019971027574,1.2738684670663787,9.662135832666053,5.670141440453144
2.513906189039492,-6.750216252836498,1.2940539280215333,-2.8888607628659804
-7.53913348935461,-4.016118587920152,-9.479993400031763,-20.944009123666056
-5.734682246950149,9.90514731212108,3.9042300371915744,8.035722597163515
2.1596334476638965,-6.8247454918496135,-0.5122980719119834,-5.287467758120006
-8.589581915811785,-0.3505087383976342,8.49834220426283,-0.24584737176260613
-1.5521547109663203,9.463796804305531,0.22292624724029153,8.193188652658886
9.826806460076117,-0.9458744617162989,3.1277321056270235,12.152504148460247
1.1392580599430033,-6.854787593024316,-4.62229291652597,-10.355832081431943
3.3243910735460336,-0.559128312726072,9.901241083468864,12.659908366780156
-3.4239076572349063,3.7955409156718733,6.050725795889509,6.470710916812892
2.292612043089461,1.6811706704643932,4.904927586804252,8.843409108526062
6.5775774344364315,-1.1081305328766504,-2.9211224938791425,2.6129939849824333
-9.106253664677515,5.271566459569252,0.7261069551841359,-3.034018952992433
0.6471390490901214,1.1292481324895967,4.68223183824856,6.320220003287189
-4.196668164730751,9.22051764213964,7.893329593994906,12.935285145433088
2.873152787105461,6.669363972738761,1.9015186905646217,11.548199595504975
9.47214271328393,-0.013996672154892309,-7.996646240363523,1.234189049731705
-3.7945045413870755,5.865698394811954,5.897038696073286,7.932120638893874
8.310782679702822,-8.18040203894811,-7.904802398616595,-7.692188677360488
-4.731541795899403,6.7869608802322965,-2.206943594680131,-0.08785672576893229
8.696777444371897,8.595756950199775,0.37521342241167766,17.58976921371969
-8.919836583406767,8.37169934560951,-3.2300283478062326,-3.657674667286886
1.0891264483549872,4.8366816474823455,-3.0331163650601267,2.6942787210051584
5.938077783970874,1.9670327129366854,-7.319007419852001,0.6111591243790376
2.794976331046712,-5.037095973478269,-9.941783817134018,-12.20564209733668
-3.424499367337008,4.480587658655004,-8.565985877073938,-7.473338459203184
-4.260071633222704,-8.995482264838335,-7.379630387993219,-20.57214032985026
6.087425981668943,5.089086890574155,-4.377666062308863,6.829403701617524
-0.807489099520577,-8.011301584943592,6.650052920584738,-2.142610942906119
-2.940591662923266,-6.195764070680745,-3.6581463175744773,-12.911176681156105
2.0011190034181503,-2.636787238517466,-2.5655891571460865,-3.2285315378706314
-5.927770702809134,2.5271468079282613,-6.486123201250185,-9.859595029389856
-9.547539903824704,-3.825267210446029,-0.052752169080893196,-13.380745591494263
6.319007718123807,7.1452060420406305,8.24113449616685,21.70575757873698
0.08225458429461696,-6.2962589270835645,8.069863836882213,1.8494049528719174
-6.7652193038548365,4.653023461079453,-9.86209579193237,-12.050211073340007
2.3818228171136653,9.94534360442718,5.861247175593302,18.025289955359238
3.5789397041244246,7.329770100660987,-9.826234170276933,0.9157727374089288
-4.587947238148546,-3.49826885308286,8.39140008823978,0.3379111977943044
4.158125369113325,-1.077841435226114,0.690851539552737,3.8700422303380733
-0.23262294364738523,7.815528762241787,6.794575075505399,14.412478817771333
3.8644816328669744,-7.334813172686947,-9.61350945391651,-13.091905165952044
1.176913020123994,-4.53193750929956,2.4642136447157306,-0.8226315883469285
9.147852892250423,-8.81246840172684,6.144752925444077,6.476526127821534
-0.9345390017782318,7.0816876387948255,-0.26297213042744616,5.823564548857515
5.673157402525575,-7.684597748690871,-7.2375767492601835,-9.223409022812172
6.800020974071515,-0.2876914617562054,2.2907261630168367,8.917525590016288
6.131299549940902,7.373654414912657,-6.755988807988221,6.545178653789286
-0.3343970382764141,-8.682224158587415,-5.677925743577655,-14.556822644060702
4.266677610099926,2.2881833255836366,8.45127546402465,15.006369843398302
-8.934517546803436,-7.167436731953738,5.2521395870675835,-10.791320549479316
-4.747470969701739,0.603198673770768,-7.201736923946367,-11.36591132051598
-3.973073361534265,0.8427618270430042,0.46005896109038424,-2.6983556321318014
-2.2599641981040275,-7.204458970109906,3.2588157958014783,-6.196059428294424
9.435883340242203,-3.9570576128310453,-4.492968562586062,1.0467107344651811
3.20736660273694,2.68434007032371,4.402415562009878,10.357559312446426
-8.858095166224123,-3.6224707124853435,-3.9942747620554115,-16.35535510645892
5.841509511473193,5.927212387240939,-3.6244243397405445,8.320591120081682
9.45022646091142,-5.655946060731498,-6.189054627670998,-2.4478478878217875
8.8981980588654,1.3514529145917678,-5.128114162285353,5.201532131211148
7.383391202909831,-1.5520313379474366,-0.3365187981205846,5.592961144488219
9.82969452638379,7.0326284672546215,-8.233147811190808,8.603841424402066
5.195547840137163,8.011548530728806,-0.10187833230044241,13.056827429567571
0.6065265042248651,-7.704716245822551,5.89418844354598,-1.272168786611483
-7.133348531975261,2.240856034073307,-7.667798114771996,-12.550386060796379
7.499694552389606,1.6994057219344043,9.763768679187717,18.951059291778368
-0.4009179652674888,-2.7324940338549393,-0.021998506110188387,-3.130634828301056
-7.509735696986757,-6.253991269677337,-9.966192650158574,-23.77390777276742
5.106696448847066,7.043693805530168,2.6108375502226,14.77956492091382
-1.2798431590934722,2.101235050374184,8.22016674495568,9.049644393582033
6.874315721031913,2.7525096748850704,-2.5598013416985825,6.9791149564406645
-7.6215391593647315,8.768129071914426,-0.622132020859107,0.45824335470483996
9.686436370167744,7.4844354933644155,1.7670387475806564,18.71269747006851
-2.570990857470039,2.792370041612344,8.476360347068944,8.719348685921354
8.575417373842384,6.0723830029181585,-4.722560737512149,9.906489152667175
4.364425956202497,1.0581033398938722,-5.983182805711536,-0.7452625138696344
-8.75770851020537,2.369029025898195,-1.4551708079362857,-7.884918778770415
-8.237180153433092,-6.230518571842703,-3.6187063516651037,-18.115640245274623
-1.2770363128066347,7.358216774727136,-2.6904499173319536,3.3838683231514497
-1.00674027461665,9.610058110642242,-7.602461344128455,0.850045618587272
4.511406600104493,2.7037488349439105,8.838837569782001,16.028558370854423
3.1468961342451927,-2.9630774154509387,-6.405694688510774,-6.245238635587673
-1.1531038625064856,-7.305902204486281,-1.8418714691704565,-10.279364269364097
0.15046904512538717,-4.406372460441266,-1.6710643713953388,-5.890624022837239
1.5752471564074622,2.4672267855275116,-0.668246901938268,3.409099162200827
2.099797260807801,8.246866451825273,2.1543966784147948,12.426237394872848
8.080451526965085,8.279952533663998,-6.2093585711664705,10.040261627243357
-1.0374664564676461,-6.935001684068112,7.023282029735295,-0.7797806074278626
-8.538993101251872,-4.002488670900712,-6.9064842350148865,-19.36047890052756
5.4999981290249895,-9.274556397616497,0.7964221855935971,-2.9126229598421025
9.828326860092126,-8.142886173166916,-5.593153388396588,-3.9630530551548633
8.968108187804773,0.25522729494994856,-3.2670714643655714,6.069689527709271
-7.881068806117586,-9.080909964981226,6.079042752392759,-10.754325696742482
9.70538313528052,6.878758533885684,-0.8174148188640693,15.797716969773447
-3.481184303327054,-8.961682366402052,8.710330692738474,-3.807065876514803
-5.902017943618169,2.088683188377569,5.242001197437187,1.5808481741375056
8.240741773340169,1.8706155836666305,-6.4457253896747435,3.6916359915589103
6.180794324085564,-1.3352911239913077,8.211582630721985,13.034996966345505
7.217931192743727,-6.332871332807279,-4.177110866248688,-3.166899502871248
-7.290694903705967,-9.82433060699519,-5.183332760597046,-22.11477289555026
-0.5713157386220686,-2.277674207296519,-6.598967819071621,-9.426107101162758
8.174226974751157,-1.747985871667428,-9.792437319623453,-3.3806310870401224
-3.1861204824762357,5.798584507992787,6.664772986606831,9.388886061517713
9.23029498435065,5.918823122293158,0.8589031324117453,15.952446373961873
-0.17679681221506982,0.38318668063374695,-3.102308738970634,-2.9076257545237127
-2.710417189210741,-6.572729387783916,3.128584755340052,-6.06859641702326
-3.179067569474139,-4.887652951327819,2.255214939430985,-5.885504281470704
8.581460816297959,5.074142884540132,-3.17244633796901,10.497351640568436
6.164656942344514,0.3241925409838906,-0.9128069235744221,5.650256084641704
-5.021762155680749,-7.520762444090618,-8.179306349249806,-20.77094936854992
-3.88456898967124,-3.4880407095291233,-8.886517402503424,-16.232578838083462
-6.237349093301045,-5.964573332623029,-4.768118574568836,-16.792461965655956
-1.9461475319568518,7.124506954940809,-7.619318546545228,-2.5140221401028535
-8.81544588951656,1.190184137155967,-8.374595700982347,-15.976899680728843
5.232876728223966,-2.9266845711019496,-0.16908575872992593,2.237707153943195
-2.800425062208416,-3.1248420958406475,-3.904494447226183,-9.904229809913808
6.651564215023459,-8.284147402721647,8.291342950565237,6.467545987484962
-0.5722086294549467,1.0983888103048187,4.051088522321436,4.590643162832113
6.658189521016652,1.4526705937132753,-5.531628500365928,2.462004976179704
6.7742733531174935,5.384875763624056,-6.701949478644982,5.420289244241151
0.6510811087736297,-9.95569167912313,1.4262187274750637,-7.891823091365519
2.0145765870500547,7.281004559235903,-6.3817777190652,2.797998658473606
1.5795014928802829,1.744853514712437,0.46775129710381336,3.749906921887909
-1.5911106835615705,-1.2630401244875848,-9.55495061712009,-12.370265475210271
0.08077530613574169,2.025879684646963,4.2135395933615705,6.2387919877332365
-0.16030104779796517,-6.161361433162904,-6.0117976797565875,-12.363758838615242
6.084079583738426,1.6841369388611476,-9.650109648021282,-1.8615386451758102
-4.85886882480687,4.08658386666826,-8.506734102096749,-9.332056411646512
8.043238924614982,-8.011383803676242,-6.706340463110704,-6.681686846188619
-1.6365856896061732,-6.328942161852629,5.686303735383053,-2.301817478103663
9.844642258327319,4.110886020051456,-1.250115169028911,12.729668577288102
-6.144646232130726,7.071568482697053,-9.037689811855753,-8.06698623268095
-1.2109407128828877,-0.24390374408678817,-4.473050273297401,-5.913125335990319
1.0888779307473584,-1.0355847150178672,-5.368997612736745,-5.193379393916737
-6.582340262405159,-9.27100540609613,-2.141779027494697,-17.99741430199305
9.810185619051545,6.565048085876459,3.5964076298961256,19.94189121162948
-3.845200278526402,-3.4687506537483115,-7.453749677886887,-14.583395429245773
-2.4126605115125033,-9.96640818788844,2.0121260863960018,-10.45716321441091
-5.294425432155158,0.050357118530691025,5.8167551534271205,0.5415414279299188
1.935098579479055,-8.999559508006246,-0.33562404081367525,-7.3050273410384445
7.629605098772693,-4.459524231147558,-3.3142253997671967,-0.1673081470943053
-3.6728579205971794,5.083826476092938,1.5767395595780709,2.952161430296317
-5.0916656709059405,8.15896343233922,-9.378793517622983,-6.404480247056157
-9.37286682439903,-7.94814469494364,8.108178764163068,-9.134160888759565
-2.854834229179957,8.032172210872567,-9.070782358318489,-3.6573186900571786
9.387716825484212,4.9415639648029845,6.435484405468571,20.65023775750167
2.873128241424288,-8.271179015461051,-3.951420181649028,-9.417837376158847
2.9739505576368312,-4.457523900830191,4.934048132623543,3.410245626399466
6.708709961175238,-4.001006682320291,7.939446677246014,10.654861277026601
4.1533615697882915,-1.199157917050158,-4.7881476197909905,-1.7523717776423993
-4.178748285261429,8.5273650856352,6.148453183991705,10.632719085340648
6.196139784676042,-5.36983165023422,0.34885787015943315,1.2023263559953417
9.808107355997922,0.33645506631394717,-1.0048414343376084,9.208629611926579
-7.134960463673616,-1.2211379710930892,-1.2486273423135668,-9.587935245825161
5.399351576094837,-3.7721249352651975,-3.8725427169580424,-2.28179159729575
-0.26262271880741217,8.28823973496067,-1.0653387088271948,6.860049808122329
-3.5598567219654527,-3.012640487543976,-3.8181930048567008,-10.308836884802261
-3.643079351751193,8.435826993429203,1.6261161705091158,6.352798742418915
-9.064092830121437,6.573216726963288,0.45006186441108476,-2.0645308669379037
8.592570937263556,5.104256797399334,5.076500764407516,18.688670287671002
7.699061055698799,1.2806520017921592,7.369886316963118,16.22060634301611
-5.738347094985443,7.488714269765591,7.054323102008539,8.980800848124064
-3.3389252511644614,-5.033967023255004,8.67760726949858,0.4852812755464928
5.885950104401447,9.117015218868229,-9.707361927887739,5.495189410139027
-0.7318158620297037,-0.5750625560611073,-3.1509659057325017,-4.435222578610181
2.877328964969191,-3.4195396603465777,-9.94526383149919,-10.593961933917702
3.1132642984501313,-7.327500918150167,0.44131275762949507,-3.8345405470655924
3.565166997718741,-7.599638597444962,5.139947140966459,1.0260157365080484
-7.968526173894956,2.130368705187454,9.279765183823894,3.3025829794324113
-8.735495289930718,0.6656188196120549,-5.621339666359453,-13.75672294467446
3.0014857804799284,-9.650173247335069,1.2301819264164227,-5.395231383473257
5.645630305816638,0.5837923205590556,2.6446064356946213,8.896836335841126
-9.053049982907881,3.5007524439477926,8.039062194877012,2.588201063739567
-8.14095591520383,-5.213893639855214,-7.033654991129092,-20.321100167560825
9.442919699054134,-4.342565364658557,-6.223914090125227,-1.2683582161313787
-0.9533150372945478,-5.3102997920073065,-9.886670556534899,-16.21892867149593
8.207687667704334,7.629294821430776,-9.292186005336436,6.52075801134072
5.05461974728326,7.6917232750288065,9.997539205819187,22.70312641032753
-6.771960425592221,3.6501045600269304,4.935709456987663,1.7108667636014814
-3.738170717320073,9.377680225100892,-6.070424234659988,-0.3749592888715298
6.757349736874271,-8.732546012233547,1.8915073924531,-0.11835152319623332
8.21011131312656,1.595084408574344,-0.24422848503581918,9.517253877831962
6.529052818111413,3.0679368263210005,8.916210529273023,18.43335592359567
2.3178016953129372,-7.761889949693885,-3.124434310435036,-8.621975997614175
-3.3496210256361536,-9.653902981946132,-4.478619052115778,-17.34226014460311
-4.439046232705088,-8.842268911915394,-6.103977685206505,-19.385525200840647
-4.6483132714008635,-2.532290780016792,2.891522945300956,-4.2235930546103635
-3.698190736975664,-4.431846800466714,-0.37770986254617434,-8.602385825920711
-5.356662561041421,1.6186106463322503,8.616334724113479,4.816191500873036
3.1769618076718196,0.17945634074211902,0.6263782302107046,3.9889901443074605
0.11049631782598546,4.987346947627714,6.823803208545975,12.086866018901386
-9.247222418242078,-2.274236336046547,8.841733687820522,-2.6521905055958404
3.841137995696416,4.168476795980196,3.11929584798596,11.207347540156494
9.141078688661679,4.05801624510714,5.516554521594392,18.709659413550252
-1.0107291387595492,-2.4539549750340317,-9.687550376091068,-13.04593574271798
1.8979918774424256,-4.547697064768885,9.838551442180378,7.129968688444153
6.773571298587566,6.928216108668195,9.805579191829949,23.387441235110554
-8.436632282350804,-7.050643575031799,9.248443279117485,-6.188876541774778
-5.04398479483815,2.1548912620685474,4.6276909490647355,1.7869876191630663
-7.747589533926673,7.343311997586255,-4.384779252331194,-4.704478577428997
-1.3578204861337024,-4.046783474428688,-0.09730912481095544,-5.492156871985829
2.908870550397733,-0.18519324388072889,2.29935484982642,5.193821925287303
1.070346528477744,-3.759798949020121,6.412397784003968,3.7200515682626047
4.822588319724499,-2.7855169432121496,-0.07525155450829146,2.085433655437138
-2.499683876800969,-8.628515294410965,2.3516779914808374,-8.927943216876649
3.176036926691978,2.0810885300586985,-6.692469020072576,-1.4599548880083335
-3.839273066230467,4.288760303321439,-0.33728592027798854,0.04159662698368995
-3.215429717833005,7.471307979732796,-3.2901479436529506,0.9508200358562771
6.316791015706428,2.5570035320481743,-1.5108822237255843,7.371360247327057
-1.3089948694687852,0.32854798494836146,-0.6572763496636647,-1.6959275569301202
-2.7657033246655605,-2.775375363027357,3.819041140256658,-1.6857876252192892
0.45800872351078326,5.1823490028038,-4.065170309169197,1.4833399011134987
6.404196061957922,3.5325841646461313,3.119640134715249,13.0868522279453
-4.511734748148529,-3.035754216639046,-5.2034978259902935,-12.760062288584738
9.347351457225091,7.370919666429597,-3.484008399828724,13.190054835606409
-3.5635573740819844,-3.092060668902845,-4.070447300808436,-10.750770233986493
5.195597254427986,7.183703723868959,-9.675890555956466,2.6930045235037734
4.872703983771165,-2.6099898766298395,8.607382638298958,10.823574039637423
6.639600461342596,-7.775297124859584,0.9641458500410423,-0.20024160307175964
4.1082905017361355,3.1290787294999767,9.360671609296517,16.580987587799942
1.5237059778489837,4.0254170025812925,3.6615133426389193,9.370960739276722
8.868250171685577,-0.5898803796733727,-2.69942662360304,5.595216812047528
7.972214511476377,-9.973305921250269,7.926706948105618,5.666266913538766
-8.670032418082327,5.377543115904986,-1.1092939580857415,-4.501767550432542
-4.724024319013176,5.999494940622515,-5.834920728378683,-4.564279168789341
6.95754494281832,-7.967262513051154,-0.08522450764211165,-1.1433458375823338
-9.90109721322979,-1.5968456458563303,8.107276105736506,-3.265101944392173
-4.286141509441313,6.152444023777782,8.12813416018902,9.996784127831594
-8.653738738346743,8.140328302050278,-1.0081363745410243,-1.3985734275759767
8.644931692162757,1.695288186249721,-9.403944782447171,0.8928998291342725
-9.629507621290438,9.62359102317113,1.3484497336156398,1.4563952973260432
-0.3522074877193848,-5.23226284936769,-7.645255552075982,-13.161490029395255
-2.9973642433499403,3.545821528151702,9.987215245872427,10.524433034806657
-4.495833660563839,6.154999025825511,4.306345628329751,6.054513047415873
-1.8224964103094603,-6.343527810964882,9.384230204817378,1.1111542214476156
-1.7358261831181352,-0.3307970572373993,2.5234553236290864,0.33327712296242007
-4.997591133082393,-8.445655688520219,-8.13116288832185,-21.35685215121683
-1.2710618971403047,0.5655974253203198,-2.9382819458406644,-3.7521752894225395
-4.216361265404702,-7.655802813615564,-9.376004212316186,-21.14719323418211
8.659484532892023,-0.48235291723577767,4.007754674425714,12.202220139042177
6.151232751470058,-2.3683568858723376,-9.734289110501688,-6.071091263982276
-8.81061988734676,-9.281850078176896,7.937043808697563,-10.115852702919069
-0.938184163424749,-9.363848957026901,-2.914294595592719,-13.318343535809896
-5.689861598524524,-6.652207044290257,-0.3852704184441986,-12.838158597308293
9.007532439425717,2.0135239297241228,-7.816141466336197,3.495252034008337
8.153986600659803,2.9278114729365257,8.152374569679349,19.208493692376354
-3.6617809532465824,7.734897879005633,1.543799482931778,5.784548235182662
-5.64254214859746,7.196818283180985,-2.336616306549315,-0.7970764914721109
-6.759139962710385,9.04575262235933,-2.7978763156233555,-0.556010370592859
4.885567543548017,1.8848429743910327,-1.5690159102126149,5.178657162463568
-3.4801977862623072,7.622347228430932,-3.6474171382586418,0.4626951831383694
8.106608366069324,1.571980942794431,8.21029129852623,17.706910134264465
8.552085360664766,-8.750690183709114,6.732488301212676,6.486159818430084
-5.811521615806745,-2.0599376004968324,-9.361570644004606,-17.287659447447734
7.296733124850569,8.324730246411061,-7.764528656849336,7.722720959548627
-9.562676776131198,-1.9704481419685855,0.8652038741493744,-10.821968524561973
-8.20729314366428,-9.752579582405495,9.178071809455808,-9.058624773000343
-9.387730952166024,4.526144365471662,9.630033612534234,4.94465261634222
-1.0336120615885953,-1.2463643860869027,0.1388369972851109,-2.1687276587464237
-0.9824227600135149,-3.8106087493569607,4.113271490910266,-0.582051678177212
0.8819154456928668,5.976296879805393,2.889272485063863,9.742977741049755
2.2245780028847726,3.700341007685328,-6.4738795657037045,-0.5658139521681811
-2.1390941639653427,-9.055689713585295,8.77299464418158,-2.2561926600992734
-8.308570776935714,-1.6259034262578886,-6.739042283294346,-16.53179807650661
9.165954237328584,8.483033370714342,-0.4642461187654199,17.16307987094429
8.779918566861824,4.95777912564111,3.5170987302373735,17.12585445476314
-2.770675264053497,5.270377847540768,6.714414832013677,9.237134185661942
4.933909564615092,-7.346687606228739,-9.168967413707138,-11.613086291943869
0.8445374025499959,-3.8235841942177746,5.8593196441848665,2.9201038482481843
-4.686641245098933,-9.549368767404086,3.4794217451038243,-10.64726512228436
5.569841614801659,9.023083280502615,9.298310448540196,23.780610337160343
1.7948713378890098,-6.708943141108019,4.267886363375373,-0.768919591672738
-6.176804116338546,-8.799822674848112,5.643888335506265,-9.472822904759406
9.301558896948915,-9.5358192099035,-8.366567015886048,-8.498617967841371
4.496955587656618,5.485797656605252,2.0757308617098715,12.06300537616859
-1.7129609861630986,5.240541650361685,5.7064034137048125,9.126685725067505
9.75843436629669,1.0750414691449954,-6.79339994953607,4.008868112357591
5.720990469737137,-0.7157804134048078,-9.111020540739677,-4.015181269345069
2.7340971191412926,-5.41208787463241,-4.233737679765568,-7.110217137871728
0.4590250646630345,3.4347621893427327,8.823116673703517,12.811760374439457
-3.1524938959366384,-7.808334071373668,-9.549675846441414,-20.428779912755807
0.6192248348983789,-9.368682978970764,9.223003744061863,0.4123721052015886
-3.4550777116963127,6.921319049679333,-9.84769236710348,-6.62756042962827
-0.7176676701093214,3.345617140912946,8.281131913888558,11.068222615073346
4.294336169591787,4.619396267508314,-7.626986149100388,1.349825319818082
-6.810493032026144,2.3921310734443004,-8.92622846431282,-13.200562569716585
-7.646887544498289,-8.061011050570297,-4.725231692766769,-20.38440124652675
7.965664331542783,6.845663171286752,3.530764337287769,18.175011571892274
-1.1903497602025563,-0.24520119662765438,-4.735945326662463,-6.143367996706716
3.7144954621935895,-9.846972726409152,1.400119610514194,-4.787261707499518
-9.243854389243804,9.923423850784026,-3.199107730339943,-2.613400254014465
-8.703943806835262,-9.862181796766688,9.820895495804624,-8.835184411244228
-5.507549731174208,-1.412810399654079,8.498528835210916,1.6091290848720503
-6.0430535380458235,-9.415974773683633,9.025910765145841,-6.435570135355807
7.271284484099191,-8.677499969322714,8.852798821165276,7.3527362341400755
-7.561794949257978,9.375074289967944,-8.180886868340316,-6.464406440242248
7.14643629757418,-8.490111057699233,6.46873367867499,5.161213666303502
1.6946815029111733,4.948964804872599,0.8375646115159423,7.545000274583971
0.8356526503051693,5.376656051166616,9.580277797991016,15.715503450631699
9.750142723181717,9.571367782427632,-4.668312590034931,14.825712230029495
-7.920143580002927,-9.517069619301138,5.147363100490862,-12.201065836556095
-0.7437102041444597,-9.82441459045395,8.600351456813218,-1.8792817986013248
6.669320001283893,-0.5362714741280286,-8.265385632409338,-2.1330622973038365
7.528720101560378,-8.81814463556779,-2.310974328975524,-3.5887616312217236
-2.9313909009606576,1.0007638273150121,-5.828570551681123,-7.674775723826183
0.16788260380832298,2.9758044082755415,-6.809062170080573,-3.666434209922231
-5.039669396372806,-4.940360375440552,1.8532623485643036,-8.149647346591344
8.752169891943481,-4.1639540451295005,-5.536322269290368,-0.8947936515115773
7.876251714694295,-4.007495173503988,-9.040515013849342,-5.023224045068898
0.18893917815945827,-4.1393070512764,6.5940587356863745,2.531610462371635
-7.945805915074555,4.276259644246771,1.3209358802848854,-2.3386215100189474
-0.30284710999338316,1.9541903010105308,-4.386362391263856,-2.497204039831483
9.385769307939242,-1.9568063375612343,-9.263408398791771,-1.8023582416897932
4.752649701935789,-0.18638087914911772,-0.23415508211670044,4.181039126075112
9.559079975367641,-6.384761253435207,3.1931619803513023,6.424649727573949
6.930044379504661,5.9884572474975695,-3.0558781250175464,9.775123912786517
-5.752461739727693,9.403072186250686,7.004102444808659,10.551717341769622
7.61347496782847,6.805219647940838,-1.8775982182162139,12.551778498922769
5.655488143220426,6.773763042058153,-1.4463363978186994,10.881397666679094
-5.519718530902759,4.479801479546971,6.996566693921459,5.923922009756034
8.445580659437091,-5.413673664071821,1.6862026361268452,4.425911445674865
5.049709785627407,5.812954069017469,8.36288814751444,19.28808264970731
3.7706917212181974,7.2992985187985155,-3.757252460006592,7.2528445551519125
-4.564743377065943,-4.598381013148942,-7.197794675477278,-16.2380833002977
1.493081774069541,-6.855939742132955,7.529553031773325,2.1019308831039
-9.010779383229576,3.2300783898975265,4.460361640659743,-1.3354360393826326
9.598050674765819,9.870498074404878,7.562608850077972,26.962000795569484
-5.712771117560167,-7.386695641331185,0.19834910226978586,-12.966177462104573
9.395461012669635,-0.6316053979397367,-6.737205110663133,2.1692162659868193
0.13634719988393051,3.6005165106047183,9.70093180456027,13.483613947682601
6.172435279255481,1.7072343917598616,6.354542268686906,14.110539116227793
-2.752593412500106,-2.5023806271073035,-6.970958700395045,-12.267283854753172
6.330852655969501,5.975223169208979,7.178095358683386,19.50744302712421
-5.711313695468096,3.309095894616412,-8.967384213824587,-11.39275260565589
-1.332214480001209,1.6610318241372486,6.061049775950224,6.673292986019521
7.603080352960088,9.52585299169045,-2.2313722366383537,14.868759735209775
-1.493242694531638,-1.7427534654586392,-2.0498412690504964,-5.312822970486446
9.513881745483257,2.1974868962699006,6.40076401165895,18.01442447644453
5.392761487282495,-9.319251392109,-2.1736274165706266,-5.98272085452606
0.5539781547991502,4.460373945779381,8.812796831959954,13.929211471421066
1.5852282843958996,2.850159754563542,-1.6245909257893754,2.952612287879569
2.279887718721616,-4.735280841221887,-4.785565303718908,-7.099727092394179
-5.623528097829378,6.119650411088898,6.925372185755876,7.406491857435897
8.055693902712282,-3.60574538193479,9.572520855145683,14.063195559987886
9.091041616121409,-9.145826602582172,-7.482417126561134,-7.43174637132807
0.3879801366472151,-7.130867456160097,-3.162953896969693,-9.936554588572603
-6.020322131009905,-4.042861929126476,-1.5669137200984107,-11.549146570477586
3.3295203569000886,-4.253491864305275,7.158142783555434,6.452641981003548
6.211531209925958,-1.2153856912656469,-3.104456994114737,1.840392367508184
-2.461927987252981,-4.332455113359344,-5.804590034455101,-12.664396200939677
-0.6167443007982278,-7.138252740803191,-9.475580285375536,-17.274490068861706
0.1245686975223208,-4.765183473316863,0.25754958903677405,-4.363730451604264
4.186016123655714,-8.15692268805635,-1.9680367948226163,-5.904177359771178
-4.51725099455575,-7.698449247424682,2.760313794559437,-9.451572968164824
-0.5784655030160408,0.11012944271296732,-7.945373729210303,-8.473364945785534
2.6707387866352033,0.5021339551923241,-1.758142121932826,1.339856075813844
-4.744448267129391,-0.07801956755008455,1.8786044150319086,-2.7386950177603535
-5.37551821740154,-9.236166718019463,4.089548362447523,-10.679821974488803
-4.341801219898052,-6.244145959803582,-3.1223240753592307,-13.55180395762251
3.8680008157651535,-1.6859741816245926,-8.159020661975063,-5.886106953908248
2.892680950043701,1.1835105471287228,5.596466808892895,9.784718959904605
-5.369195003361793,9.970188687062379,-5.060209838783898,-0.34856890575456156
-6.0666856102065125,4.354611911408487,-4.029919729424463,-5.660499919573603
-7.959566944441365,-4.449859458771879,5.998962886995248,-6.315488705714298
-0.2760347868636952,-2.549811464870542,-1.3148254544914817,-4.298581655297385
-8.307680058013977,-5.159241631988028,3.4904075164374184,-9.92545558410777
0.7366326082929326,-0.23387763149076335,-4.5840875226197175,-3.997629090275066
-3.829860485754903,3.061213118714752,-4.363216961460797,-5.182468760999853
0.023244338735505465,0.3854406522371683,9.204046989815275,9.682104424247552
-9.68809308612258,-0.8578193990827199,-6.553686096263758,-16.872378434588455
2.0191286345633728,-9.639613421092076,6.450005164672607,-1.252352462104211
-2.1850227673121125,7.404845290984458,-3.79113693225694,1.55853126545376
-0.6550937219029294,4.536264755575166,-7.928721634413421,-4.0167078486115715
-2.776342598467245,6.63775850848722,-7.080667866075363,-3.196803454534209
2.3073872973256258,-8.66986749533022,-1.931710466294998,-8.396135285650546
-0.026704372791833464,-3.779970774049513,3.786934518896496,0.007137841389275576
8.583127592944763,-9.389867453681273,8.448040718385073,7.6027600845539025
1.9035507272280938,4.229434639227884,6.789537978362663,12.743314391879556
-3.6560861085371776,6.962891683031515,4.884611982979672,8.102246158194085
0.5836883533686272,0.6549795429312368,6.8913099843715955,8.105691711482837
4.200619617173267,4.089955536772498,1.412739106138904,9.69395606918933
4.78885159933821,-7.379000282884798,5.820527856541226,3.3024726016899018
8.445751917212828,6.364505713125453,6.588261900994233,21.425617962045695
-4.146213863352067,-0.20979075290918026,8.00690907613362,3.4384107108899213
-3.6363331166387347,-1.4847984808251553,-1.8569927097701662,-7.1346833976371204
-3.85701566488454,-6.399606715460344,-0.1851513876260409,-10.464011372900346
8.702565379148513,5.555249379214434,4.584618902442177,18.898732601548637
1.1486300589450433,8.000747635063256,1.384268318721741,10.512367203066587
-9.757187511284817,6.378189740719211,-1.836881006893007,-5.234593986974607
0.2922008748635321,-5.068152255096265,7.021237415539069,2.3214336429484894
5.433505619493282,-2.7813895105033426,5.281789225736668,7.767772881773542
-7.531868610173323,1.1879190639920516,5.020956586853407,-1.385637945704053
4.696610868478043,0.3014696407406152,-3.3349774058992177,1.5839734534003271
-6.218996632644798,-0.9674477847371481,-0.4283860529284347,-7.381999652001532
-6.032577153251313,5.332319329366975,9.985427342931764,9.395181728242145
5.568534922573631,1.2170637596349376,1.54454067525403,8.319326095738399
-0.24715296820783372,9.430637010513124,7.08374674423419,16.337242401599497
-2.2563520642026553,5.215379278996629,7.981889342042074,11.018821198291358
-9.850136884064609,8.620137381234048,-2.728693360103982,-3.962694668466636
-4.351595500119538,-5.300246500243961,9.465009479765666,-0.32874965785735355
7.397344087251589,-5.345247794670418,1.5390336607655808,3.707965379271146
-0.026600151642208303,3.9509113161898277,3.8432576099573694,7.561510497493908
-3.405047044277989,6.873434733544528,-0.7000301640730093,2.636845646194122
-5.151740538217426,-3.1419625259809703,5.3647199259725316,-3.0032363704974956
-7.383256990776053,9.005204299733727,2.056576375618423,3.509809584673046
6.74266175661327,-8.673964101211924,-6.4690043917118185,-8.313602831355727
8.927591764023735,4.916783507375202,-0.7052094426558995,13.30518154371439
9.62312473970671,0.9759529995790786,8.37871333563794,18.848045389027888
-1.8835306206716922,7.628805601045265,-9.889974265754088,-4.239213413262025
-0.8860311214371102,0.535296080699899,-5.767226751054246,-6.10562178713197
-8.190433348882546,-4.9644762059273395,9.413349591734615,-3.7452273230305573
3.8146461021075275,-8.485791830763356,-2.0244129151254597,-6.713079082652474
9.120323284976472,-0.6174996362759462,-4.067391103438216,4.53932833264114
-1.6406891776570696,6.105757275332849,9.370707911839808,13.749058360054258
4.659322532267108,7.092592586662338,-4.259108974217149,7.575667251849519
0.9860746860426595,4.251690881167718,-8.513658736259986,-3.2910685128645896
6.7163602775087625,2.5763198459813292,5.165197376499593,14.485900616029182
-1.5124510097906025,4.795721327104731,-0.36847644171939464,2.7499075455058812
-6.684912244829427,5.293470913827651,-4.416588479222108,-5.818910691180879
-6.674926692658563,0.2367196926391557,-3.901188707127883,-10.45602557453148
-1.1176392486054176,4.2775982634212575,-4.58324377320406,-1.371730859901116
1.5586839177276897,4.0598849758527855,5.820832735787588,11.523524999172125
9.374359406194156,0.3191713260761837,3.3662687095639576,12.983024472505583
6.304199304470931,3.727003001556815,-3.1951676987877136,6.91117571874974
-7.136429731144236,8.193884131030703,0.4133709159643022,1.4517622059617055
-3.8380165107752244,1.5720658626702804,-6.49374998954698,-8.712970212381975
-3.9422267774891395,8.627675455933886,0.4964215926753113,5.215860285011805
0.9310487756153041,3.410830938547056,-9.846484671947893,-5.60277353590917
9.888625321889599,9.886122743945506,2.3754373701302534,22.240464105863573
-7.211418115791817,8.516914080196727,7.891267330695474,9.309662273225443
-1.848148088792259,2.662637997507101,-6.020081187576367,-5.281053482551676
5.604552292080511,3.6243414561996357,-3.6290372065540737,5.587325693886623
-2.0902985869137014,-8.038142587982831,-6.584052849132651,-16.70657253465323
-3.1214413462914115,-9.349914082664528,-7.901778939966711,-20.33712777717472
-0.0457418435138095,7.953306122643259,-7.470783687158993,0.2869351782013463
-2.224624880329536,7.52642087234824,-5.688397712536862,-0.436228852023869
-5.414879765481291,5.106391590230659,9.902494766392941,9.564314416119297
-2.641844665419626,2.394300220951962,2.2260936698369544,1.959593985612467
8.149497173321738,-8.098471731149864,-1.113867960108923,-1.0512028489319927
6.280879951607176,4.073527641436785,-3.2145698229190227,7.290957459300264
-4.86075607970621,-0.10729825860030573,7.824102236074435,2.7789017187538945
-1.1659594383168823,-9.108210227823704,-3.054695741069155,-13.376852475773582
2.43636889908705,5.692245093692826,7.904963555547809,15.85609827749399
1.0891754070247615,0.29055221135082476,-1.2394003040048602,0.09907344430531628
1.7356666226975364,8.191503308513358,-6.286445047629076,3.657051406231341
-3.1208683764668876,-9.679128958610173,2.084625799866263,-10.700106108124487
9.671372910812448,-4.053788157407563,-8.196980658162653,-2.7463298749000558
-9.755890978872312,0.21080259630552867,1.647835958909516,-8.055936363926227
-3.2542309749186256,6.941960498760874,-5.804545301081938,-2.210920812833617
-9.418785437180823,-3.8409546094705993,-4.3893639957548185,-17.798853796144424
-0.6147975095664986,-1.5075917051439447,-3.0096514129494745,-5.051862786403938
4.54026554947324,7.8104428122288425,-7.917775879852515,4.302229840650103
-1.1013452323085549,7.1441635118495945,0.45251544471444305,6.612885204196113
-6.25765693246781,8.332848036466064,5.805840976971838,7.901800585699974
-3.954648660127482,-0.12058851630064282,-3.025141713001071,-6.955596773878573
-2.572234511701441,2.2691435458032583,8.525845887349195,8.230662218658479
9.680797634237749,8.837108521383186,9.255627581497635,27.695937628205275
5.9672244999939394,-0.31021974146385745,-8.508030503367216,-2.928099509227388
0.0072992262659390406,-1.053152659761583,4.034876312921957,2.8137274400664816
3.2815101479177926,5.737591510018799,-8.7162549469687,0.2223641260258189
6.888696757908967,-2.5345501840934954,3.0908400875359003,7.518105238159896
-3.018876801054917,3.0213498405573187,-1.6214107908793078,-1.6221756267281606
0.07921993958363238,-7.869987302898254,3.056190738341014,-4.672343109763636
-4.152254433479429,-8.03953705239371,1.2091380041342337,-11.03509584303916
-7.575536992193969,-4.250999324107154,-1.7662508709674203,-13.412444671931736
-9.439138513324616,0.869854949718988,2.7841035595337864,-5.711410448763072
6.657830256124743,9.081726817072195,1.5812407832932749,17.303910824623777
5.023466886301474,-7.396284524614638,-0.10267794616340709,-2.55660625296192
7.382787211085489,-4.724808797183766,-5.772406474962272,-3.109539965613629
-2.8960538871897405,3.526718689318052,7.874739305992719,8.451868105325715
-8.64665100967806,7.418473225541213,6.571259881032514,5.321978053270067
-2.9687998288494777,2.6151446811968952,1.2915135922036463,0.9588125979715749
-6.371115533986609,-5.426813552986383,-5.454230481729718,-17.078614661438767
8.16493001225744,-5.77186388213428,-7.871001960544786,-5.417712751620485
-7.891096918473258,1.9783925197051406,-7.011320678102669,-12.807436372684668
-8.995346699900889,-9.253831739786122,-0.4814275310718603,-18.814750319897843
-7.17042488715995,-9.87702289846823,4.221051722458833,-12.836405721063569
5.399034410368744,5.509695370286892,-4.708525308043868,6.022444863375498
1.39778329634062,8.930724464680825,2.2934530507765682,12.726394881007192
-4.751844721986373,0.1911859922116399,-3.2654217493863342,-7.840044527905838
9.24698347997482,-3.166869338988361,1.2125040046468367,7.613431786929764
3.060372166161949,-7.55139654231527,0.7178595176889058,-3.732213968891174
4.414649157459502,3.8453999952776403,-9.842203732405581,-1.5498641736973957
-7.167992997342417,5.069140079892094,-2.371266843240112,-4.528817248862723
5.665644654201872,-4.248978771367384,-6.193259279108309,-4.831103657907479
9.984976097188444,-8.358098693739493,-5.85043147547508,-4.1971392531986735
-7.106588215746942,-0.594307867845691,7.987875136372637,0.09182221038956559
1.2731519123934802,-9.487352391591733,5.660523820733703,-2.7365565233663047
5.909174195153099,-3.413341917291053,7.269621607499129,9.723623217299256
-7.26241795916708,-4.317509132984377,3.5759901675145684,-8.066037704119838
4.568055425169204,5.394465313066913,2.5844129595005185,12.703070625280098
0.06753816550970804,3.873414925599617,-9.618456636770954,-5.757897532316598
2.75210942676936,-3.6065003017628268,5.679700884052474,4.780604405145629
-8.4578022510883,9.198202157564332,-9.764289977836903,-8.952992963748363
4.686784510042417,-9.000298310856616,-5.565959759977355,-9.786795464957606
-5.323394431976141,5.37364292924665,6.757379866169167,6.85529983868486
-2.992277128598748,6.740074758814863,-9.884376666985052,-6.026778361669636
2.226359963076554,-5.909748243316384,-0.16186832226674142,-3.9216981304094944
-1.3782657961236318,7.437760722650669,5.594596857018949,11.853416002826398
9.137948105846398,-8.354658769297705,-6.673250093638014,-5.806397736706046
6.896371515496938,6.267082309352553,8.219361212730789,21.368442491355736
-7.962544327774319,2.7836744236957696,8.049711352925996,2.7516349826355437
4.706550941722183,6.164393489642858,-5.734741853316381,5.210282404260077
-6.847934377201819,-4.947653805460792,4.286040067407102,-7.387108597062182
2.6619049228117078,-7.297483106492296,9.931675682194452,5.306215292089137
-9.545626118292974,-5.007014309986044,-9.478859567267444,-23.863859012753263
4.769070346628686,-3.456422679028446,-2.2789438125348793,-0.9688315369839118
-2.140290516194236,-1.8197609714542562,2.8313215841783226,-1.1512249032363489
-5.902179220965074,-9.87803126252607,-7.161205890613667,-22.769725447229586
-9.743559997872628,3.1764384478119467,6.178203561657956,-0.3622016964955267
-8.237924494086467,2.291715449473177,-3.442844842833548,-9.40351715740641
1.923865713507766,7.538889653325796,-3.946151574157537,5.616261976600773
-2.3148200276013586,-3.1414470011825824,-8.467468680317406,-13.961688797707573
